ID,HLA,HAL,LHA,LAH,AHL,ALH
6vyv,45.61255641521599,46.646947130883305,46.01176499032882,47.55747421018699,45.195949387491936,47.16230174081239
8sb3,36.04570771408351,36.15710721868365,36.64802016985138,36.68461252653928,36.54772469922152,37.08987615003539
8dfh,72.48383637236084,72.0679150671785,71.49177303262957,71.32466410748559,69.80271833013435,70.69397312859884
8gv6,61.74481732469063,60.850645256334715,62.8094932233353,60.281390689451975,60.50646729522688,58.98147024160282
