ID,HLA,HAL,LHA,LAH,AHL,ALH
6vyv,43.59700583609178,37.88671524024918,40.191905281140386,35.673145331852645,37.928337612427356,38.912597251272246
8sb3,36.88421143729209,38.50939064567477,36.638254980596635,38.34914449853973,32.73587239012745,32.1952119479294
8dfh,29.961751824787125,12.647372792801962,29.139916229137206,16.346626489886937,27.214772393469985,25.2024519998149
8gv6,26.567893750923965,28.797581010528656,23.407630073521684,24.86765260379322,21.35419999876865,21.74783398824792
